{"cameraMode":{"drawMode":0,"name":"Shaded","section":"Shading Mode"},"sceneLighting":true,"audioPlay":false,"sceneViewState":{"showFog":true,"showMaterialUpdate":false,"showSkybox":true,"showFlares":true,"showImageEffects":true,"showParticleSystems":true},"in2DMode":false,"pivot":{"x":-1.451382040977478,"y":-6.576755523681641,"z":3.0766429901123049},"rotation":{"x":0.32544875144958498,"y":-0.008509857580065728,"z":0.0029291484970599415,"w":0.9455181956291199},"size":38.651126861572269,"orthographic":false}