{"cameraMode":{"drawMode":0,"name":"Shaded","section":"Shading Mode"},"sceneLighting":true,"audioPlay":false,"sceneViewState":{"showFog":true,"showMaterialUpdate":false,"showSkybox":true,"showFlares":true,"showImageEffects":true,"showParticleSystems":true},"in2DMode":false,"pivot":{"x":5.451129913330078,"y":-0.000003814697265625,"z":9.543889999389649},"rotation":{"x":0.3648766875267029,"y":-0.0013965752441436053,"z":0.000547282921615988,"w":0.9310573935508728},"size":40.982295989990237,"orthographic":false}