{"cameraMode":{"drawMode":0,"name":"Shaded","section":"Shading Mode"},"sceneLighting":true,"audioPlay":false,"sceneViewState":{"showFog":true,"showMaterialUpdate":false,"showSkybox":true,"showFlares":true,"showImageEffects":true,"showParticleSystems":true},"in2DMode":false,"pivot":{"x":1.0855722427368165,"y":3.538449287414551,"z":-2.1002578735351564},"rotation":{"x":0.1583307385444641,"y":0.0014810997527092696,"z":-0.0002375267940806225,"w":0.9873863458633423},"size":42.775367736816409,"orthographic":false}