{"cameraMode":{"drawMode":0,"name":"Shaded","section":"Shading Mode"},"sceneLighting":true,"audioPlay":false,"sceneViewState":{"showFog":true,"showMaterialUpdate":false,"showSkybox":true,"showFlares":true,"showImageEffects":true,"showParticleSystems":true},"in2DMode":false,"pivot":{"x":0.8406295776367188,"y":15.027658462524414,"z":24.020103454589845},"rotation":{"x":0.12120148539543152,"y":0.0014889684971421958,"z":-0.00018159128376282752,"w":0.9926320314407349},"size":81.86801147460938,"orthographic":false}