{"cameraMode":{"drawMode":0,"name":"Shaded","section":"Shading Mode"},"sceneLighting":true,"audioPlay":false,"sceneViewState":{"showFog":true,"showMaterialUpdate":false,"showSkybox":true,"showFlares":true,"showImageEffects":true,"showParticleSystems":true},"in2DMode":false,"pivot":{"x":483.6839904785156,"y":204.20849609375,"z":811.61328125},"rotation":{"x":-0.16455723345279694,"y":-0.0023699093144387008,"z":0.0003954271087422967,"w":-0.986365556716919},"size":1741.4910888671875,"orthographic":false}